{"nodes":{"node:1":{"location":{"x":-50,"y":-40}},"node:4":{"location":{"x":158,"y":-24}}},"selection":null,"view":{"scroll":{"x":-297.291656494140625,"y":-179.041656494140625},"visible_rect":{"max":{"x":350.16668701171875,"y":133.566680908203125},"min":{"x":-237.833328247070312,"y":-143.233322143554688}},"zoom":1.25}}